country,1990,1991,1992,1993,1994,1995,1996,1997,1998,1999,2000,2001,2002,2003,2004,2005,2006,2007,2008,2009,2010,2011,2012,2013,2014,2015,2016,2017,2018
Afghanistan,,,,,,,,,,,,,,,,,,,,1450,1640,1620,1810,1880,1900,1900,1910,1940,1970
Albania,2550,1870,1730,2120,2310,2710,3050,2780,3110,3550,3980,4460,4800,5150,5560,5990,6750,7480,8260,8670,9530,10200,10500,10800,11400,11800,12100,13000,13400
Algeria,6440,6290,6470,6410,6310,6490,6740,6880,7240,7430,7760,8230,8630,9330,9810,10500,10900,11700,12100,12200,12600,12900,13200,13500,14000,14300,14900,15000,
Angola,2760,3120,1220,1230,960,2150,2160,2600,2580,2360,2530,2630,3180,3260,3560,4060,4450,5030,5260,5500,5630,5800,6220,6470,6760,6740,6410,6450,6170
Antigua and Barbuda,10200,11000,11300,12100,12900,12300,13200,14000,14500,15000,15600,15300,15200,16300,17400,19000,21700,24000,24000,21000,19700,19300,20000,20000,20500,21200,21900,23500,25500
Argentina,7060,7960,8780,9650,10300,10000,10600,11600,12000,11600,11600,11200,9790,10900,11100,12300,14800,16600,17400,16200,17900,19300,19300,19900,19600,20200,19700,20300,19900
Armenia,2340,2240,1130,1190,1430,1590,1790,1960,2090,2200,2390,2700,3140,3660,4160,4970,5870,6970,7700,6590,6890,7270,7950,8490,8780,9080,9010,9960,10500
Australia,16700,17100,17500,18600,19600,20200,21200,22200,23400,24500,25600,26600,27900,28900,30400,31400,33000,34900,35900,38900,37800,40300,41500,44800,45700,45300,46200,48300,50100
Austria,19500,20600,21300,21800,22600,23600,24500,25300,26500,27200,29100,29300,31000,32000,33700,34900,37700,39400,41700,40900,42400,44600,46500,48100,48900,49400,51800,53500,55300
Azerbaijan,,,,3490,2820,2500,2550,2730,3000,3220,3430,3820,4230,4710,5130,6380,8710,10800,12500,14000,14800,14600,15200,16300,17200,17300,16300,16800,17100
Bahamas,19000,18400,18400,18200,18900,23400,26500,21700,22600,24600,25800,26500,27200,27000,27500,28700,29700,30300,30100,28400,28500,29000,30300,29900,29300,29600,29700,30200,30300
Bahrain,24000,26600,27300,29400,29100,31100,32300,31900,33100,33300,34900,34400,33600,34700,35800,37500,38400,39800,39100,35300,36100,34900,40400,42700,44100,44300,44600,45000,44700
Bangladesh,880,920,970,1020,1070,1120,1160,1210,1260,1310,1390,1460,1530,1600,1710,1850,2030,2220,2400,2520,2670,2860,3090,3280,3460,3680,3910,4170,4570
Barbados,9390,9320,9000,9210,9540,9850,10400,11000,11500,11600,12400,12200,12400,12900,13400,14200,15000,16100,16300,15800,15800,15300,16100,15700,15800,16100,16000,16300,16300
Belarus,5430,5540,5110,4830,4350,3980,4190,4750,5230,5530,6010,6460,6950,7660,8820,10000,11400,12700,14200,14300,15600,16800,17400,17700,18400,17600,17300,18200,19200
Belgium,18700,19700,20400,20800,22000,22900,23200,24300,25000,26000,28500,29300,30800,31500,32500,33600,35700,37300,38800,38500,40500,41000,43300,44800,45900,46900,48300,50800,51700
Belize,3200,3610,4040,4300,4260,4300,4280,4380,4370,4600,5090,5220,5450,5790,5930,6170,6470,6400,6580,6900,6800,7180,7260,7320,7480,7910,7740,7650,7810
Benin,930,970,970,1030,1040,1090,1120,1180,1210,1260,1320,1380,1410,1450,1510,1540,1600,1690,1770,1770,1770,1820,1880,1990,2100,2110,2160,2260,2410
Bhutan,1430,1430,1480,1570,1740,1790,1930,2090,2030,2120,2640,2860,3110,3330,3560,3910,4300,5110,5320,5580,6150,6640,6910,7170,7530,8090,8590,9000,9250
Bolivia,2280,2440,2510,2630,2760,2890,3020,3170,3320,3300,3380,3450,3530,3580,3740,3970,4230,4460,4770,4850,5000,5260,5470,5840,6250,6650,7020,7270,7670
Bosnia and Herzegovina,,,,,830,1050,2180,3060,4560,4880,5040,5200,5530,5720,6500,6750,7630,8430,9360,9380,9500,10100,10400,11200,11500,12100,12800,13700,14600
Botswana,5360,6040,6250,6630,6060,6770,6800,7500,7860,7950,8010,8360,7910,8600,8790,9540,10500,11600,12300,11700,12400,14000,14900,15900,16700,16500,16700,17200,18000
Brazil,6530,6760,6790,7120,7430,7980,8080,8320,8210,8170,8810,8970,9260,9440,10200,10700,11400,12300,13000,13000,13900,14700,15200,15900,16000,15500,15000,15400,15900
Brunei,55000,57000,59300,59200,60700,63100,64500,63100,62000,63400,65300,67200,69500,71500,72600,73900,78400,80000,79000,77300,78300,80300,81700,81400,80700,84200,83900,84500,82200
Bulgaria,6900,6440,6750,6860,7140,7510,6560,5520,6020,5690,6220,6920,7890,8480,9230,10200,11000,11900,13700,13900,14600,15200,16000,16200,17400,17800,19500,21200,22300
Burkina Faso,550,600,600,620,620,650,720,760,800,840,850,900,930,990,1030,1120,1200,1260,1340,1340,1360,1420,1520,1590,1620,1650,1710,1800,1970
Burundi,660,700,710,670,640,590,550,550,570,570,580,570,590,570,590,610,640,660,690,690,710,730,760,790,810,760,740,740,750
Cambodia,,,,,,790,820,860,880,970,1060,1140,1200,1320,1460,1670,1890,2120,2260,2240,2360,2530,2710,2940,3130,3300,3510,3770,4070
Cameroon,1870,1760,1710,1580,1590,1630,1690,1760,1830,1900,1920,1980,2060,2180,2360,2410,2530,2630,2720,2760,2790,2880,2980,3090,3280,3390,3490,3580,3700
Canada,19500,19600,19900,20700,21800,22700,23200,24500,25400,26900,28600,29400,30200,31500,33200,35600,37500,39000,39800,38200,39300,40900,41500,43600,45000,44000,44500,46300,47600
Cape Verde,1100,1120,1230,1330,1570,1780,1960,2170,2420,2660,3020,3150,3270,3440,3820,4090,4470,5320,5690,5600,5570,5860,5940,6070,6050,6180,6470,6760,7280
Central African Republic,630,630,590,590,600,650,610,640,660,690,670,700,720,690,730,740,790,830,840,920,970,1020,1090,710,720,750,790,860,920
Chad,710,780,840,680,760,760,760,790,830,810,780,860,890,860,1150,1350,1330,1410,1390,1620,1810,1800,1940,1970,2080,2130,1980,1900,1930
Chile,4270,4700,5390,5910,6270,7070,7750,8370,8790,8720,9220,9640,9930,10200,10800,11600,13800,15100,15200,15100,16900,19100,20500,21500,22000,22000,22300,23300,24200
China,990,1100,1270,1460,1670,1840,2040,2260,2420,2630,2900,3180,3520,3930,4440,5050,5860,6860,7660,8340,9260,10300,11300,12300,13500,14400,15500,16800,18200
Colombia,4770,4970,5200,5560,5960,6300,6400,6620,6650,6360,6550,6680,6830,7070,7540,8110,8800,9500,9840,9960,10300,11200,11800,12400,13200,13800,14100,14200,14500
Comoros,1670,1590,1730,1760,1650,1700,1660,1710,1710,1720,1900,1940,1960,1990,2040,2110,2180,2210,2280,2320,2370,2460,2530,2630,2670,2670,2730,2830,2930
"Congo, Dem. Rep.",,,,,510,500,530,500,490,450,450,420,440,460,480,510,540,560,570,590,620,650,680,700,760,800,850,860,900
"Congo, Rep.",2870,2980,3160,2880,2880,2010,2050,2520,2720,2400,2600,2670,2820,2880,2740,2870,3030,3080,3450,3550,3920,3980,4250,4450,4980,6030,5410,5070,5060
Costa Rica,4800,5040,5500,5890,6210,6410,6480,6790,7110,7210,7430,7720,7960,8330,8830,9370,10300,11300,12000,11700,12200,12900,13600,13900,14400,14900,15600,16100,16700
Cote d'Ivoire,1820,1850,1840,1810,1860,1980,2130,2220,2320,2310,2160,2100,2030,1940,2070,2300,2350,2400,2460,2500,2520,2400,2660,2840,3130,3340,3550,3760,4020
Croatia,,,,,,,,,,,10400,11400,12400,13100,14300,15000,17000,18900,20200,19300,19100,20100,20400,21300,21600,22900,23800,26000,27200
Cyprus,13300,13500,14600,14700,15600,16200,16500,16800,19300,18500,19500,21200,22300,23300,24500,26300,28300,30800,34300,33800,32900,34200,31600,30000,29200,31500,33000,35800,39900
Czech Republic,,,11700,12100,12700,13700,14400,14500,14700,15100,15900,17100,17600,18800,19800,21000,22300,24500,26000,25700,25600,26600,27300,28700,30100,31400,33000,35700,37500
Denmark,17600,18400,19200,19700,21200,22300,23300,24500,25500,26400,28000,29000,30300,30500,33000,34400,37800,39200,41700,40700,43700,45300,45800,48200,49600,50600,52000,55600,56400
Dominica,4210,4360,4560,4780,4790,5000,5170,5450,5810,5760,5770,6190,6030,6540,6800,7130,8010,8670,9530,9610,9870,10000,9930,10200,10300,10100,10100,11500,10300
Dominican Republic,3420,3530,3940,4180,4330,4590,4910,5350,5670,5980,6310,6510,6820,6600,6740,7720,8610,9360,9860,9920,10700,11100,11500,12000,13000,14000,14900,15600,17000
Ecuador,4460,4770,4930,5070,5300,5440,5500,5740,5840,5390,5460,5800,6070,6230,6780,7290,7740,8000,8660,8660,8980,9730,10300,10900,11300,11200,11000,11200,11400
Egypt,3730,3940,4110,4240,4410,4630,4850,5100,5360,5630,6000,6240,6380,6560,6890,7230,7880,8550,9170,9420,9620,9730,9940,10100,10400,10800,11100,11500,12100
El Salvador,2850,2950,3210,3440,3650,3860,3910,4050,4170,4240,4370,4470,4570,4670,4810,5070,5460,5690,5960,5790,5970,6290,6500,6700,6900,7110,7300,7530,7860
Equatorial Guinea,700,720,970,1050,1010,1060,1680,4470,4800,6290,5620,5610,7380,6720,8240,14300,23600,27100,28800,25000,19600,22400,24300,23400,22800,22300,20300,19500,17500
Eritrea,,,1050,1230,1540,1650,1800,1990,2060,2060,1980,2120,2110,1990,1970,2020,2000,2030,1820,1870,1900,2080,,,,,,,
Estonia,,,,,,,,,,,9070,9810,11100,12400,13700,15900,18300,20500,21500,19900,20400,23300,25000,26900,28100,28600,30200,32800,35000
Ethiopia,420,390,350,390,400,420,470,470,450,470,490,530,530,510,580,650,730,810,890,950,1050,1160,1250,1360,1490,1620,1740,1890,2010
Fiji,3690,3700,3950,4070,4250,4510,4790,4700,4690,5140,5420,5470,5820,5940,6400,6710,6620,6790,6900,6940,6980,7290,7470,8100,8470,8960,9260,9700,10100
Finland,17800,17100,16600,16600,17700,19000,19600,21500,23100,24500,26600,27800,28700,28900,31400,32200,34700,37900,40200,38500,39500,41100,41100,41700,42200,43000,44200,46700,48600
France,17700,18400,19000,19300,20000,20800,21500,22500,23700,24800,26500,28000,28800,28500,29400,31000,33100,34800,35900,35500,36700,38400,38500,40400,41000,41700,42900,45300,46400
Gabon,11400,12200,11400,11600,12300,12600,13000,13600,14200,12700,12000,12600,13000,12900,12400,13600,12800,13300,12800,12900,13200,13800,14900,15500,16600,16300,16500,16600,16700
Gambia,1460,1580,1620,1660,1650,1650,1670,1710,1730,1800,1880,1950,1840,1960,2140,2090,2070,2130,2250,2340,2440,2210,2300,2340,2270,2320,2330,2420,2570
Georgia,,,2440,1730,1610,1700,2040,2510,2730,2910,3050,3220,3460,3940,4360,4930,5650,6460,6650,6530,6940,7680,8550,8960,9620,9820,9990,10600,11500
Germany,19700,21100,21800,21900,22800,23500,24100,24500,25200,26100,27100,28200,28900,29600,31500,32100,34700,36800,38200,37700,39700,43600,44400,46000,48000,48800,50700,53400,54600
Ghana,1210,1280,1320,1380,1410,1460,1520,1570,1620,1670,1710,1790,1860,1940,2050,2210,2370,2480,2690,2770,2920,3260,3480,3830,3880,3990,4060,4340,4650
Greece,13600,14400,14700,14700,15200,15800,16400,17300,18100,18300,19700,21100,22600,23800,25100,25600,28000,28500,29900,29700,27600,25400,25500,26100,27000,26900,27300,28600,29700
Grenada,4500,4800,4860,4780,4910,5010,5270,5590,6240,6720,7100,6970,7220,8050,7980,10000,9860,10600,10900,9880,10200,10600,10600,11000,11300,11800,12600,13300,14100
Guatemala,3230,3430,3580,3730,3880,4060,4140,4300,4490,4610,4780,4910,5010,5110,5280,5490,5790,6170,6380,6290,6400,6630,6880,7120,7370,7620,7780,8020,8310
Guinea,820,850,880,940,980,1020,1050,1090,1110,1150,1180,1210,1300,1230,1270,1290,1440,1540,1600,1540,1610,1690,1790,1790,1880,1950,2140,2360,2460
Guinea-Bissau,1010,1050,1070,1090,1130,1160,1300,1400,990,1000,1090,1100,1110,1100,1140,1200,1250,1300,1320,1340,1400,1520,1480,1470,1560,1610,1690,1740,1800
Guyana,1360,1250,1580,1970,2300,2500,2950,3120,3180,3270,3450,3570,3660,3770,4000,4110,4700,5120,5250,5470,5670,6080,6520,6870,7370,7620,7760,7950,8420
Haiti,1330,1370,1300,1240,1100,1210,1270,1300,1320,1350,1370,1360,1350,1350,1320,1360,1420,1480,1500,1540,1480,1580,1630,1700,1760,1770,1800,1830,1880
Honduras,1960,1900,1990,2150,2140,2250,2270,2380,2430,2400,2550,2600,2650,2740,2890,3100,3320,3600,3730,3560,3660,3760,3860,3950,4040,4230,4360,4570,4790
Hungary,,,,8200,8600,8780,8920,9230,9750,10200,11200,12500,13700,14600,15200,16000,17200,17700,19300,19800,20600,21800,22200,23800,24500,25500,26500,28000,29900
Iceland,21500,22100,21600,22200,23100,23500,24500,26500,28200,29000,28700,30800,32700,32400,34300,35500,36300,38800,34100,33600,32200,34600,36700,42100,43500,46500,50300,54100,55200
India,1220,1250,1320,1390,1480,1600,1720,1790,1890,2050,2130,2250,2340,2530,2750,3020,3310,3610,3730,4000,4310,4580,4850,5190,5620,6060,6560,7090,7680
Indonesia,2850,3100,3330,3600,3940,4280,4640,4850,4090,4030,4310,4650,4900,5120,5400,5800,6260,6750,7240,7540,8060,8610,9180,9710,10200,10700,11200,11900,12700
Iran,7400,8390,8650,8830,8650,9080,9350,9540,9830,9780,10500,10700,11600,12600,13300,14000,15000,16600,16700,16800,17800,18400,17300,17300,18200,17900,20200,21100,
Iraq,7390,2670,3540,4630,4770,4820,5280,6230,8240,9490,9660,9790,8900,6010,9270,9880,11000,11300,12700,12600,13000,13700,15400,16100,15900,15900,18000,17300,17200
Ireland,12800,13400,13900,14600,15800,17300,18800,20500,22500,23500,26300,27800,29500,31200,33400,35000,38800,40400,38400,34800,36300,36500,37300,40500,43200,53000,57900,61200,67100
Israel,14600,15500,16500,17100,18200,19400,20100,20700,21300,21600,23400,23900,24300,23000,24500,24600,25600,27500,26900,26800,28300,30100,30900,33500,34000,35100,37100,38500,39900
Italy,18400,19200,19800,20100,21000,22100,22800,23800,24900,25600,27000,28000,28600,29000,29500,30200,32600,34100,35200,34600,35100,36500,36400,36300,36200,36700,39300,41400,42300
Jamaica,4290,4570,4820,5630,5610,5840,6050,5990,5870,5950,6080,6190,6260,6600,6840,7060,7510,7790,7920,7480,7560,7820,8060,8110,8290,8330,8390,8710,8900
Japan,19700,21000,21600,22000,22600,23600,24800,25500,25400,25600,27200,27900,28600,29400,30900,32400,34000,35500,35700,34000,35900,36800,38200,40300,40600,42000,42500,43500,44400
Jordan,3910,3780,4420,4530,4650,4900,4920,5130,5300,5450,5880,6250,6520,6810,7450,8040,8640,9280,9540,9620,9230,9150,9040,9000,9020,8990,9020,9190,9430
Kazakhstan,,,,7010,6330,6020,6240,6530,6590,6800,7380,8690,9790,10700,11900,12900,14200,15600,15800,16400,17100,18200,19400,21300,22400,23600,22900,23600,24500
Kenya,1460,1480,1450,1420,1460,1530,1610,1610,1640,1650,1650,1700,1700,1730,1820,1950,2080,2210,2210,2230,2380,2520,2600,2710,2830,2960,3100,3230,3440
Kiribati,1530,2050,2110,2060,2100,2230,1950,2360,2650,2400,2570,2710,2600,2500,2400,2470,2470,2570,2560,2410,2510,2430,2780,3210,3650,4330,4300,4370,4410
Kuwait,,,,,,70600,70400,72400,72000,64200,66000,63700,62600,72700,82100,91000,98000,101000,96500,85000,79200,82700,86100,84400,83700,84800,88200,83500,84300
Kyrgyz Republic,,2110,1840,1590,1280,1220,1310,1420,1420,1460,1550,1690,1710,1850,1980,2040,2180,2420,2570,2640,2560,2610,2850,3050,3220,3320,3380,3550,3780
Lao,1110,1160,1220,1290,1390,1480,1580,1640,1690,1830,1900,2020,2150,2240,2450,2710,2890,3210,3420,3720,3870,4180,4570,4980,5440,5810,6190,6580,7090
Latvia,,,,,,5530,5820,6520,7090,7320,8010,9050,10100,11000,12000,13700,15400,17600,19200,18100,17800,19800,21100,22600,23800,24700,25800,28000,29800
Lebanon,4420,5490,6330,6670,7110,7510,8210,8260,8480,8460,8610,8600,8260,7240,8740,9280,9750,11200,12300,13200,13900,13800,13600,13300,12900,12600,12500,12800,13000
Lesotho,1350,1400,1420,1410,1470,1480,1560,1600,1570,1620,1660,1990,2050,2160,2180,2210,2290,2750,2920,2900,2980,3050,3200,3250,3290,3400,3590,3520,3680
Liberia,,,,,,,,,,,930,880,900,610,650,700,780,870,930,960,980,1090,1120,1200,1190,1190,1160,1170,1130
Libya,,,,,,,,,,,,,17300,19700,20300,23000,25500,27300,28100,27700,28900,11100,24500,21800,17100,16100,15400,19700,21300
Lithuania,,,,,,5910,6310,6940,7590,7640,8310,9320,10400,11800,12800,14300,16200,18400,20000,18500,19900,22200,23900,26100,27800,27800,29200,32100,34300
Luxembourg,28700,32100,32800,33900,34100,37500,38800,41300,41700,46200,49000,50300,49700,49000,58700,63000,63500,72700,71600,55700,61800,63500,63700,63800,67300,67600,68900,71300,72200
Madagascar,1200,1100,1130,1150,1130,1140,1160,1200,1230,1280,1320,1390,1190,1300,1350,1420,1500,1600,1690,1580,1560,1580,1590,1610,1650,1660,1700,1760,1840
Malawi,470,520,490,550,490,580,640,660,670,680,690,650,660,700,740,760,800,880,940,1000,1040,1080,1080,1120,1180,1190,1220,1260,1310
Malaysia,6560,7170,7760,8560,9310,10200,11100,11800,10700,11100,11900,12100,12800,13700,14700,15800,17100,18500,19200,18900,20000,21300,22300,23500,25000,26400,27500,29200,30700
Maldives,,,,,,5410,5840,6290,6730,7110,7430,7260,7720,8620,9190,8020,10200,9600,10800,9960,10300,11200,11300,11600,12300,12500,12800,13300,14100
Mali,820,930,900,930,950,940,1000,1040,1110,1160,1150,1270,1270,1410,1430,1520,1580,1640,1700,1740,1760,1810,1770,1800,1920,2010,2070,2150,2260
Malta,10000,10600,11100,11600,12200,13100,13700,15200,15600,17100,19000,19800,20700,20800,21400,21500,22400,24100,25500,24400,26400,27700,28200,29700,32100,34300,35200,38100,39200
Marshall Islands,,,,,,3500,3060,2950,3070,3140,3250,3480,3510,3460,3540,3710,3740,3930,3710,3780,3970,3980,3780,4080,4290,4730,4690,4860,5090
Mauritania,1710,1780,1810,1890,1820,2000,2250,2130,2180,2320,2280,2230,2370,2480,2610,2840,3200,3300,3350,3310,3300,3380,3510,3690,3810,3790,3840,3940,4120
Mauritius,4880,5260,5670,6010,6250,6620,7010,7480,7920,8160,8950,9430,9670,10300,11000,11500,12400,13700,14500,14900,15500,16300,18000,19700,20800,21900,22900,24600,26100
Mexico,6280,6690,7000,8360,8800,8170,8770,9460,9910,10200,10900,10900,11000,11300,11900,12400,13600,14100,14700,14300,15100,16300,16800,16900,17600,17800,18300,18900,19300
"Micronesia, Fed. Sts.",,,,2360,2360,2420,2360,2180,2250,2380,2550,2660,2710,2800,2830,3010,3120,3190,3160,3340,3380,3530,3550,3540,3470,3980,3940,3970,3640
Moldova,,,,,,2270,2290,2360,2220,2180,2270,2590,2840,3250,3630,4000,4320,4480,4950,4520,4970,5360,5550,6170,6560,6440,6790,7250,7620
Mongolia,3270,3080,2780,2690,2820,3050,3180,3330,3490,3610,3690,3860,4060,4360,4900,5280,5880,6490,7050,6820,6920,8120,9170,10400,11000,11100,11100,11000,12500
Montenegro,,,,,,,,,,,6310,7110,7500,7760,8240,8410,10600,12600,14000,13100,13500,14600,14100,15200,15600,16700,18000,19800,20900
Morocco,2470,2690,2650,2630,2940,2790,3170,3120,3360,3410,3500,3800,3950,4220,4500,4770,5210,5490,5870,6020,6240,6590,6800,7180,7330,7670,7730,8110,8430
Mozambique,,320,290,310,330,330,370,410,440,490,490,540,540,620,660,700,750,820,880,940,980,1060,1140,1210,1280,1330,1350,1380,1430
Myanmar,470,480,530,570,620,670,720,760,800,890,1030,1150,1300,1490,1730,2010,2320,2650,2960,3280,3610,3860,4030,4440,4810,5190,5570,5990,6500
Namibia,3780,4180,4340,4290,4340,4620,4650,4820,4970,4980,5350,5400,5750,6230,6810,6890,7530,7760,8000,7920,8170,8720,9050,9890,10600,11100,11000,10800,10900
Nauru,,,,,,,,,,,,,,,,,,5320,5600,6680,7540,8160,9660,12800,15800,16200,17500,19100,20900
Nepal,770,830,860,890,960,980,1030,1080,1100,1140,1220,1280,1280,1340,1410,1500,1580,1670,1780,1870,1960,2060,2210,2350,2560,2660,2680,2910,3110
Netherlands,19000,20100,20600,21400,22500,23800,24900,26300,27600,29700,32500,33000,34400,34500,36000,37100,41300,43900,45100,44100,45200,47300,48100,49900,49100,50300,50600,54900,56900
New Zealand,14200,13600,14000,14800,15900,16800,17100,18000,18500,19400,20300,21400,22100,22800,23700,24000,25900,27300,27700,29400,29700,31300,31600,34800,35800,36200,37900,38900,39400
Nicaragua,1890,1520,1410,1470,1770,1940,2100,2210,2330,2490,2610,2690,2730,2820,3020,3230,3390,3630,3780,3620,3780,4050,4330,4560,4820,5030,5260,5540,5400
Niger,570,580,540,540,560,560,580,580,630,610,600,630,630,650,650,680,710,730,780,750,790,790,860,880,930,940,960,990,1040
Nigeria,2060,2100,2160,2060,2050,2080,2170,2220,2220,2270,2230,2440,2760,2910,3190,3390,3830,3990,4220,4450,4710,4920,5130,5420,5810,5910,5760,5710,5710
North Macedonia,5460,5340,4990,4780,4840,4910,5030,5150,5360,5600,6010,5980,6230,6420,7040,7620,8550,8810,10300,10800,11100,11400,11600,12400,13100,13400,14200,14700,15700
Norway,17900,18900,20200,21100,22600,24000,26500,28300,27900,30300,36500,37800,38100,38800,42600,48300,54100,55700,61500,55700,58600,62700,66000,67800,68100,63000,60600,64800,68300
Oman,22200,23500,24500,25400,26000,27300,28100,30100,30900,31200,33600,35600,34500,34300,35200,35500,34800,39700,41400,41600,41700,39400,40900,41200,39700,41100,41700,41300,41700
Pakistan,2070,2140,2270,2290,2350,2460,2520,2510,2530,2580,2670,2710,2830,3030,3230,3500,3740,3930,3990,4070,4140,4280,4450,4630,4850,5050,5280,5530,5860
Palau,,,,,,,,,,,11100,11900,12400,11800,12500,14000,14400,15500,15100,14300,14700,16000,16500,16400,17300,19500,19600,18800,19500
Palestine,,,,,2620,2750,2690,3040,3540,3790,3280,2860,2440,2760,3020,3430,3350,3630,3810,3970,4200,4720,5010,5170,5240,5450,5670,5820,6000
Panama,4920,5300,5830,6300,6560,6550,6840,7180,7610,7770,8120,8150,8580,8660,9240,9990,11000,12300,13600,13600,13900,16100,17600,18600,19100,20000,20900,22200,23600
Papua New Guinea,1380,1540,1650,1960,2100,2060,2130,2080,1970,1960,1950,1910,1910,1860,1970,2170,2230,2480,2510,2590,2810,2780,3040,3050,3700,4010,4160,4270,4220
Paraguay,,,,,,5750,6140,6140,6090,5950,5550,5630,5770,5590,5980,6230,6850,7660,8290,8190,9090,9670,9590,10500,11100,11400,11800,12600,13200
Peru,3200,3440,3420,3600,4030,4320,4500,4800,4800,4860,5000,5110,5380,5600,5860,6290,6770,7510,8370,8510,9140,9840,10700,11500,12000,12500,12900,13100,13700
Philippines,2560,2600,2640,2710,2860,2990,3180,3380,3600,3660,3940,4090,4230,4410,4730,5050,5340,5710,5980,6200,6590,6820,7330,7920,8400,8850,9370,10000,10700
Poland,,5720,5920,6310,6970,7560,8200,8860,9410,9960,10600,11100,11700,12100,12900,13700,14800,16200,18000,18700,20300,22000,22900,23900,24700,25900,26600,28700,30000
Portugal,11800,12700,13300,13300,13600,14500,15000,15800,16600,17700,18600,19200,20100,20600,21200,22400,24000,25000,25800,25600,26400,26300,25800,27600,28200,28900,30300,32000,32700
Qatar,,,,,,,,,,,79400,84600,87800,89800,94200,85200,102000,104000,105000,98500,105000,114000,115000,116000,118000,121000,123000,124000,124000
Romania,5250,4790,4490,4670,4970,5390,5690,5510,5480,5530,5810,6480,7090,7380,8600,9320,11200,13200,16400,16400,16700,17600,18600,19400,20400,21100,23200,26000,27500
Russia,7990,7820,6790,6350,5710,5570,5440,5580,5230,5680,6650,7260,7880,8970,10000,11500,14500,16300,19600,18800,19900,23600,25000,25300,24900,23400,23400,25100,26900
Rwanda,560,580,660,670,360,510,560,610,610,610,630,670,760,770,840,940,1050,1130,1250,1300,1370,1470,1590,1640,1720,1840,1920,2030,2200
Samoa,1690,1680,,,,,,,,,,,3720,3920,4210,4460,4680,5100,5210,5040,5200,5440,5290,5310,5350,5710,6190,6290,6260
Sao Tome and Principe,,,,,,,,,,,,1540,1570,1700,1770,1920,2190,2280,2370,2380,2510,2620,2640,2840,3050,3080,3200,3300,3440
Saudi Arabia,28800,32500,33300,33000,32600,32900,33200,33400,34400,33100,34600,34200,32800,35900,38800,41100,42400,43300,45700,44000,45100,49200,51300,52100,53700,55300,55500,54500,55800
Senegal,1470,1510,1530,1530,1510,1590,1640,1670,1760,1840,1890,1980,1970,2100,2230,2370,2450,2570,2660,2640,2690,2700,2810,2850,3010,3140,3260,3460,3670
Serbia,,,,,,,,5580,5770,5150,5730,6140,6770,7150,7990,9070,10100,11000,12300,12300,12500,13500,13500,14100,14100,14200,14800,15400,16500
Seychelles,8900,9390,10300,11000,11000,10600,11300,12800,13600,13700,13900,14200,13200,13300,14300,16000,17700,18400,17600,17900,18800,21000,21800,23100,23900,24900,25600,26900,29100
Sierra Leone,720,790,630,690,650,650,690,670,660,660,700,650,800,860,890,930,970,1120,1200,1230,1200,1240,1490,1720,1760,1400,1330,1500,1490
Singapore,22400,23900,25700,28000,31500,33600,34800,38100,36300,38500,41400,40700,42000,45100,48500,52700,59100,63500,61900,59600,70800,73400,75500,78400,83600,82900,85100,89800,94700
Slovak Republic,,,,,,8690,9430,10100,10600,10600,11300,12400,13200,13400,14600,16200,18300,20500,23300,22900,24400,24900,26100,27600,28600,29000,30300,31700,33100
Slovenia,,,,,,13700,14300,15300,16000,17100,18000,18900,20100,20900,22400,23600,25400,26900,28800,27100,27500,28500,28600,29600,30600,30700,32400,35500,37500
Solomon Islands,840,940,1000,940,1020,1090,1060,1700,1700,1670,1450,1330,1260,1340,1430,1500,1630,1610,1570,1260,1340,1490,1880,2030,2080,2170,2150,2230,2320
South Africa,6190,6250,6120,6210,6410,6600,6850,7030,7020,7180,7540,7750,8110,8390,8960,9610,10300,10900,11300,11200,11500,11900,12200,12500,12700,12900,12800,13000,13300
South Korea,8260,9330,10000,10900,12000,13200,14400,15300,14400,16200,18000,19000,20700,21300,22900,24000,25700,27700,28700,28300,30400,31400,32400,32900,33700,35900,37200,38800,40100
South Sudan,,,,,,,,,,,,,,,,,,,,,,1780,1590,1760,1720,,,,
Spain,13500,14300,14700,14800,15200,16100,16700,17700,18900,19800,21400,22600,24100,24800,25900,27200,30100,31600,32300,31500,31200,31300,31500,32200,33400,34900,36700,38900,39800
Sri Lanka,2330,2480,2640,2860,3040,3230,3380,3650,3830,4020,4330,4330,4550,4900,5250,5690,6260,6830,7230,7590,8240,9060,9990,10400,11000,11500,12000,12500,13100
St. Kitts and Nevis,9970,9970,10400,11300,12000,12900,13600,14500,14300,14800,16500,17500,17900,17200,18400,20900,22200,22700,24500,23600,23100,23900,23700,25600,25900,26300,27400,27400,28500
St. Lucia,5550,5670,6250,6290,6480,6600,6890,6850,7240,7480,7530,7250,7440,7760,8370,8520,10100,10400,11000,11000,11100,11900,11900,11900,11600,11400,12100,12700,13000
St. Vincent and the Grenadines,3450,3610,3980,4250,4240,4680,4870,5080,5350,5500,5730,6010,6480,7010,7430,7870,8840,9010,9820,9830,9630,9770,10200,10400,10500,10900,11400,11700,12200
Sudan,1050,1060,1160,1240,1280,1360,1470,1620,1660,1670,1740,1820,1920,2020,2100,2270,2540,2800,3000,3020,3070,3490,3800,2690,3970,4140,4260,4460,4430
Suriname,6730,7010,7080,6550,6860,6930,7000,7270,7450,7250,7400,7160,8130,8710,9550,10400,11200,12200,12900,13200,13500,13900,14700,15500,15800,15400,14100,13100,13800
Swaziland,3850,3970,4100,4110,4010,4460,4780,4910,4800,5040,5000,5360,5310,5480,5930,6810,7040,7550,7610,7580,7660,8320,8890,9460,9590,9910,9930,10100,10600
Sweden,19900,20100,19900,19700,21100,22400,23300,24200,25300,27300,29500,29800,30800,32100,33800,34500,38400,41800,43400,41100,43300,45400,46300,47200,48000,49400,49800,52700,54000
Switzerland,28200,28500,28800,29300,29800,30600,31400,33200,34500,35700,38100,38200,38700,40200,41600,44000,48500,50100,49200,52800,56200,56800,59100,61400,62200,65500,64700,67100,68800
Tajikistan,2380,2230,1590,1340,910,900,720,780,810,840,900,990,1100,1200,1370,1480,1600,1760,1920,1960,2590,2860,3070,3400,3380,3410,3530,3710,4050
Tanzania,960,990,980,980,990,1030,1080,1100,1140,1180,1230,1280,1380,1450,1560,1670,1810,1910,2000,2070,2140,2290,2370,2500,2640,2740,2860,3020,3140
Thailand,4260,4720,5120,5660,6180,6740,7130,6940,6340,6710,7170,7450,7900,8510,9200,9810,10600,11500,11800,11800,12700,13200,14100,14300,14900,15500,16200,17100,18200
Timor-Leste,,,,,,,,,,,3440,3630,4070,3340,2680,2710,4060,6010,7220,7070,7360,7970,6760,6800,5650,7390,7390,6750,7010
Togo,830,830,800,680,750,820,900,1020,980,970,960,940,930,970,990,1010,1050,1080,1120,1160,1210,1360,1360,1440,1520,1620,1650,1690,1780
Tonga,2380,2590,2640,2790,3100,3180,3250,3290,3460,3540,3650,3840,4110,4210,4300,4410,4550,4470,4650,4810,5050,5300,5500,5450,5610,5910,6130,6420,6520
Trinidad and Tobago,6530,6870,7700,7890,8190,8740,9350,10500,11500,12600,13500,14500,16000,18400,21000,22400,25900,28000,29400,27900,29100,27600,29000,31000,30900,33400,31100,31600,31000
Tunisia,3520,3660,3930,3960,4120,4270,4560,4880,5120,5460,5760,6070,6200,6580,7110,7440,8030,8640,9050,9390,9750,9660,10200,10500,11100,11200,11400,11700,12100
Turkey,6040,6190,6610,7200,6780,7350,7890,8490,9000,8640,9440,8990,9150,9430,10700,11800,13500,14700,15900,15300,17300,19500,20500,22100,23800,25300,25900,27600,27600
Turkmenistan,,,,4450,3770,3390,3620,3300,3450,3970,3980,4340,4390,4640,4940,5390,6140,7150,8040,8400,8920,10100,11300,12500,13800,15100,16500,17300,18500
Tuvalu,,,,,,,,,,,,4730,5830,4050,4460,4400,4410,5150,5120,5250,4680,4740,4050,5020,4420,5680,5660,5580,6100
Uganda,490,520,520,570,600,670,720,750,780,830,830,860,930,970,1030,1090,1210,1310,1410,1470,1530,1650,1690,1720,1780,1830,1870,1890,1970
Ukraine,6940,6550,5900,5060,4080,3650,3380,3370,3350,3390,3700,4230,4580,5170,5990,6410,7110,7910,8350,7120,7550,8090,8340,8500,8610,7880,8210,8460,9030
United Arab Emirates,,,,,,,,,,,86200,84800,80500,82900,85600,82900,81700,75200,67500,57600,54200,56600,59000,62700,66600,70600,72800,73700,75400
United Kingdom,17000,17400,18000,18900,20300,19900,21200,22700,23700,24300,26500,28000,29400,30700,32300,33100,34800,35400,36300,34700,36400,37300,37900,39200,40400,41500,42500,44800,45400
United States,23600,24100,25100,25900,27300,28500,29900,31500,33100,34700,36800,37700,38400,39700,42100,44600,47200,48300,48300,46900,48900,50800,53100,54300,56700,58300,59000,61000,63700
Uruguay,6150,6630,7310,7630,8290,8300,8880,9790,10300,10200,10200,10000,9480,9290,10000,11200,12100,13200,14300,15000,16200,17400,17600,19000,19700,20400,20800,21400,21900
Uzbekistan,,,2220,2180,2070,2050,2080,2170,2270,2360,2460,2580,2700,2840,3120,3410,3720,4320,4800,4980,5150,5520,5950,6420,7130,7460,7810,8250,8810
Vanuatu,1700,1570,1560,1690,1650,1770,1760,1820,2050,2080,2140,2130,1950,2010,2080,2170,2420,2540,2840,2790,2790,2820,2750,2940,3020,2960,3000,3090,3250
Venezuela,9340,10400,10800,10900,10600,11100,11000,11700,11600,11000,11500,11800,10600,9840,11700,13300,15000,16700,17600,16700,16300,16900,17900,18100,17900,,,,
Vietnam,890,960,1070,1150,1270,1420,1550,1680,1770,1870,2180,2350,2510,2700,2970,3000,3260,3530,3760,3560,4180,4460,4750,5030,5350,5680,6100,6340,6930
Yemen,2210,2250,2390,2430,2520,2540,2490,2580,2780,2740,2930,3050,3110,3150,3230,3420,3660,3790,3850,4020,4210,3600,3760,3900,3800,,,,
Zambia,1390,1350,1350,1480,1360,1400,1480,1520,1480,1560,1620,1700,1770,1890,1950,2080,2210,2350,2600,2930,3050,3250,3590,3610,3820,3860,3910,3910,4100
Zimbabwe,1770,1880,1700,1740,1900,1910,2140,2190,2230,2250,2220,2300,2140,1810,1730,1680,1640,1590,1280,1370,1660,1860,2210,2330,2400,2410,2460,2580,3020
